id,upstreamSource,upstreamControl,upstreamDefaultRange,applicableToZotero,zoteroControl,storageStateKey,runtimeConsumer,classification
E001,src/popup/popup.html;src/options/options.html,interfaceLanguage,upstream default=zh; values=zh|zh_TW|en|de|fr|es|ja|ko|ru|it,true,data-lk-key=interfaceLanguage,interfaceLanguage,upstream reader scripts through adapter/bridge.js storage view,EXPOSED_AND_WORKING
E002,src/popup/popup.html;src/options/options.html,enablePlugin,upstream default=false; Zotero default=true (PORT-ADAPT: reader feature is enabled after installation),true,data-lk-key=enablePlugin,enablePlugin,upstream reader scripts through adapter/bridge.js storage view,EXPOSED_AND_WORKING
E003,src/popup/popup.html;src/options/options.html,wordHighlightFloatingButtonEnabled,upstream default=true; type=checkbox,true,data-lk-key=wordHighlightFloatingButtonEnabled,wordHighlightFloatingButtonEnabled,upstream/src/service/a1_loadKnowWords.js;upstream/src/service/a2_hightlight.js,EXPOSED_AND_WORKING
E004,src/popup/popup.html;src/options/options.html,wordExplosionEnabled,upstream default=true; type=checkbox,true,data-lk-key=wordExplosionEnabled,wordExplosionEnabled,upstream/src/service/a7_words_boom.js,EXPOSED_AND_WORKING
E005,src/popup/popup.html;src/options/options.html,highlightAlphabeticEnabled,upstream default=true; type=checkbox,true,data-lk-key=highlightAlphabeticEnabled,highlightAlphabeticEnabled,upstream/src/service/a1_loadKnowWords.js;upstream/src/service/a2_hightlight.js,EXPOSED_AND_WORKING
E006,src/popup/popup.html;src/options/options.html,showExplosionSentence,upstream default=false; type=checkbox,true,data-lk-key=showExplosionSentence,showExplosionSentence,upstream reader scripts through adapter/bridge.js storage view,EXPOSED_AND_WORKING
E007,src/popup/popup.html;src/options/options.html,translationConfig.targetLanguage,upstream default=zh-CN; values=current upstream translation target list,true,data-lk-object=translationConfig;data-lk-subkey=targetLanguage,translationConfig.targetLanguage,upstream reader scripts through adapter/bridge.js storage view,EXPOSED_AND_WORKING
E008,src/popup/popup.html;src/options/options.html,autoRequestAITranslations,upstream default=true; type=checkbox,true,data-lk-key=autoRequestAITranslations,autoRequestAITranslations,upstream/src/service/a3_aiFragen.js;adapter/state.js,EXPOSED_AND_WORKING
E009,src/popup/popup.html;src/options/options.html,autoRequestAITranslations2,upstream default=true; type=checkbox,true,data-lk-key=autoRequestAITranslations2,autoRequestAITranslations2,upstream/src/service/a3_aiFragen.js;adapter/state.js,EXPOSED_AND_WORKING
E010,src/popup/popup.html;src/options/options.html,autoAddAITranslationsFromUnknown,upstream default=true; type=checkbox,true,data-lk-key=autoAddAITranslationsFromUnknown,autoAddAITranslationsFromUnknown,upstream/src/service/a3_aiFragen.js;adapter/state.js,EXPOSED_AND_WORKING
E011,src/popup/popup.html;src/options/options.html,defaultExpandCapsule,upstream default=true; type=checkbox,true,data-lk-key=defaultExpandCapsule,defaultExpandCapsule,upstream reader scripts through adapter/bridge.js storage view,EXPOSED_AND_WORKING
E012,src/popup/popup.html;src/options/options.html,highlightChineseEnabled,upstream default=false; type=checkbox,true,data-lk-key=highlightChineseEnabled,highlightChineseEnabled,upstream/src/service/a1_loadKnowWords.js;upstream/src/service/a2_hightlight.js,EXPOSED_AND_WORKING
E013,src/popup/popup.html;src/options/options.html,highlightJapaneseEnabled,upstream default=true; Zotero default=false (preserved desktop migration choice),true,data-lk-key=highlightJapaneseEnabled,highlightJapaneseEnabled,upstream/src/service/a1_loadKnowWords.js;upstream/src/service/a2_hightlight.js,EXPOSED_AND_WORKING
E014,src/popup/popup.html;src/options/options.html,highlightKoreanEnabled,upstream default=true; Zotero default=false (preserved desktop migration choice),true,data-lk-key=highlightKoreanEnabled,highlightKoreanEnabled,upstream/src/service/a1_loadKnowWords.js;upstream/src/service/a2_hightlight.js,EXPOSED_AND_WORKING
E015,src/popup/popup.html;src/options/options.html,wordHighlightFloatingButtonScope,upstream default=page; values=page|global; Zotero default=global (PORT-ADAPT: reader-wide host control),true,data-lk-key=wordHighlightFloatingButtonScope,wordHighlightFloatingButtonScope,upstream/src/service/a1_loadKnowWords.js;upstream/src/service/a2_hightlight.js,EXPOSED_AND_WORKING
E016,src/popup/popup.html;src/options/options.html,autoDetectJapaneseKanji,upstream default=true; type=checkbox,true,data-lk-key=autoDetectJapaneseKanji,autoDetectJapaneseKanji,upstream/src/service/a1_loadKnowWords.js;upstream/src/service/a2_hightlight.js,EXPOSED_AND_WORKING
E017,src/popup/popup.html;src/options/options.html,useKuromojiTokenizer,upstream default=false; type=checkbox,true,data-lk-key=useKuromojiTokenizer,useKuromojiTokenizer,upstream/src/service/a1_loadKnowWords.js;upstream/src/service/a2_hightlight.js,EXPOSED_AND_WORKING
E018,src/popup/popup.html;src/options/options.html,autoLoadKuromojiForJapanese,upstream default=true; Zotero default=false (PORT-ADAPT: avoid eager tokenizer load),true,data-lk-key=autoLoadKuromojiForJapanese,autoLoadKuromojiForJapanese,upstream/src/service/a1_loadKnowWords.js;upstream/src/service/a2_hightlight.js,EXPOSED_AND_WORKING
E019,src/popup/popup.html;src/plugin/bionic.js,bionicEnabled,upstream default=false; type=checkbox,true,data-lk-key=bionicEnabled,bionicEnabled,upstream/src/plugin/bionic.js,EXPOSED_AND_WORKING
E020,src/popup/popup.html;src/plugin/bionic.js,bionicFontFamily,upstream default=auto; values=auto|'LXGWWenKai'  serif|'Fanwood'  serif|Arial  sans-serif|'Times New Roman'  serif|'Courier New'  monospace|Georgia  serif|Verdana  sans-serif|'Trebuchet MS'  sans-serif|'Segoe UI'  sans-serif|'Open Sans'  sans-serif|Roboto  sans-serif|'Helvetica Neue'  Helvetica  sans-serif,true,data-lk-key=bionicFontFamily,bionicFontFamily,upstream/src/plugin/bionic.js,EXPOSED_AND_WORKING
E021,src/popup/popup.html;src/plugin/bionic.js,bionicFontSize,upstream default=16; type=number;min=8;max=64,true,data-lk-key=bionicFontSize,bionicFontSize,upstream/src/plugin/bionic.js,EXPOSED_AND_WORKING
E022,src/popup/popup.html;src/plugin/readingRuler.js,readingRuler,upstream default=false; type=checkbox,true,data-lk-key=readingRuler,readingRuler,upstream/src/plugin/readingRuler.js,EXPOSED_AND_WORKING
E023,src/popup/popup.html;src/plugin/readingRuler.js,rulerSettings.isInverted,upstream default=false; type=checkbox,true,data-lk-object=rulerSettings;data-lk-subkey=isInverted,rulerSettings.isInverted,upstream/src/plugin/readingRuler.js,EXPOSED_AND_WORKING
E024,src/popup/popup.html;src/plugin/readingRuler.js,rulerSettings.widthMode,upstream default=auto; values=auto|screen|custom,true,data-lk-object=rulerSettings;data-lk-subkey=widthMode,rulerSettings.widthMode,upstream/src/plugin/readingRuler.js,EXPOSED_AND_WORKING
E025,src/popup/popup.html;src/plugin/readingRuler.js,rulerSettings.customWidth,upstream default=200; type=number;min=50;max=2400,true,data-lk-object=rulerSettings;data-lk-subkey=customWidth,rulerSettings.customWidth,upstream/src/plugin/readingRuler.js,EXPOSED_AND_WORKING
E026,src/popup/popup.html;src/plugin/readingRuler.js,rulerSettings.height,upstream default=24; type=number;min=10;max=100,true,data-lk-object=rulerSettings;data-lk-subkey=height,rulerSettings.height,upstream/src/plugin/readingRuler.js,EXPOSED_AND_WORKING
E027,src/popup/popup.html;src/plugin/readingRuler.js,rulerSettings.opacity,upstream default=0.3; type=number;min=0;max=1;step=0.05,true,data-lk-object=rulerSettings;data-lk-subkey=opacity,rulerSettings.opacity,upstream/src/plugin/readingRuler.js,EXPOSED_AND_WORKING
E028,src/popup/popup.html;src/plugin/readingRuler.js,rulerSettings.color,upstream default=#6f6f6f; type=text,true,data-lk-object=rulerSettings;data-lk-subkey=color,rulerSettings.color,upstream/src/plugin/readingRuler.js,EXPOSED_AND_WORKING
E029,src/popup/popup.html;src/plugin/pos-highlight.js,posHighlightEnabled,upstream default=false; type=checkbox,true,data-lk-key=posHighlightEnabled,posHighlightEnabled,upstream/src/plugin/pos-highlight.js,EXPOSED_AND_WORKING
E030,src/popup/popup.html;src/plugin/pos-highlight.js,posHighlightLanguage,upstream default=english; values=auto|german|english; Zotero default=german (preserved desktop migration choice),true,data-lk-key=posHighlightLanguage,posHighlightLanguage,upstream/src/plugin/pos-highlight.js,EXPOSED_AND_WORKING
E031,src/popup/popup.html;src/plugin/pos-highlight.js,posHighlightVerbEnabled,upstream default=true; type=checkbox,true,data-lk-key=posHighlightVerbEnabled,posHighlightVerbEnabled,upstream/src/plugin/pos-highlight.js,EXPOSED_AND_WORKING
E032,src/popup/popup.html;src/plugin/pos-highlight.js,posHighlightVerbBackgroundEnabled,upstream default=false; Zotero default=true (preserved desktop migration choice),true,data-lk-key=posHighlightVerbBackgroundEnabled,posHighlightVerbBackgroundEnabled,upstream/src/plugin/pos-highlight.js,EXPOSED_AND_WORKING
E033,src/popup/popup.html;src/plugin/pos-highlight.js,posHighlightVerbBackgroundColor,upstream default=#FF6B6B40; type=text,true,data-lk-key=posHighlightVerbBackgroundColor,posHighlightVerbBackgroundColor,upstream/src/plugin/pos-highlight.js,EXPOSED_AND_WORKING
E034,src/popup/popup.html;src/plugin/pos-highlight.js,posHighlightVerbBackgroundOpacity,upstream default=25; type=range;min=0;max=100;step=1,true,data-lk-key=posHighlightVerbBackgroundOpacity,posHighlightVerbBackgroundOpacity,upstream/src/plugin/pos-highlight.js,EXPOSED_AND_WORKING
E035,src/popup/popup.html;src/plugin/pos-highlight.js,posHighlightVerbUnderlineEnabled,upstream default=true; type=checkbox,true,data-lk-key=posHighlightVerbUnderlineEnabled,posHighlightVerbUnderlineEnabled,upstream/src/plugin/pos-highlight.js,EXPOSED_AND_WORKING
E036,src/popup/popup.html;src/plugin/pos-highlight.js,posHighlightVerbUnderlineStyle,upstream default=wavy; values=wavy|solid|dotted|dashed,true,data-lk-key=posHighlightVerbUnderlineStyle,posHighlightVerbUnderlineStyle,upstream/src/plugin/pos-highlight.js,EXPOSED_AND_WORKING
E037,src/popup/popup.html;src/plugin/pos-highlight.js,posHighlightVerbUnderlineColor,upstream default=#FF6B6B; type=text,true,data-lk-key=posHighlightVerbUnderlineColor,posHighlightVerbUnderlineColor,upstream/src/plugin/pos-highlight.js,EXPOSED_AND_WORKING
E038,src/popup/popup.html;src/plugin/pos-highlight.js,posHighlightVerbUnderlineThickness,upstream default=2; type=number;min=1;max=6,true,data-lk-key=posHighlightVerbUnderlineThickness,posHighlightVerbUnderlineThickness,upstream/src/plugin/pos-highlight.js,EXPOSED_AND_WORKING
E039,src/popup/popup.html;src/plugin/pos-highlight.js,posHighlightVerbUnderlinePosition,upstream default=bottom; values=bottom|top,true,data-lk-key=posHighlightVerbUnderlinePosition,posHighlightVerbUnderlinePosition,upstream/src/plugin/pos-highlight.js,EXPOSED_AND_WORKING
E040,src/popup/popup.html;src/plugin/pos-highlight.js,posHighlightPrepositionEnabled,upstream default=true; type=checkbox,true,data-lk-key=posHighlightPrepositionEnabled,posHighlightPrepositionEnabled,upstream/src/plugin/pos-highlight.js,EXPOSED_AND_WORKING
E041,src/popup/popup.html;src/plugin/pos-highlight.js,posHighlightPrepositionBackgroundEnabled,upstream default=false; Zotero default=true (preserved desktop migration choice),true,data-lk-key=posHighlightPrepositionBackgroundEnabled,posHighlightPrepositionBackgroundEnabled,upstream/src/plugin/pos-highlight.js,EXPOSED_AND_WORKING
E042,src/popup/popup.html;src/plugin/pos-highlight.js,posHighlightPrepositionBackgroundColor,upstream default=#f2935440; type=text,true,data-lk-key=posHighlightPrepositionBackgroundColor,posHighlightPrepositionBackgroundColor,upstream/src/plugin/pos-highlight.js,EXPOSED_AND_WORKING
E043,src/popup/popup.html;src/plugin/pos-highlight.js,posHighlightPrepositionBackgroundOpacity,upstream default=25; type=range;min=0;max=100;step=1,true,data-lk-key=posHighlightPrepositionBackgroundOpacity,posHighlightPrepositionBackgroundOpacity,upstream/src/plugin/pos-highlight.js,EXPOSED_AND_WORKING
E044,src/popup/popup.html;src/plugin/pos-highlight.js,posHighlightPrepositionUnderlineEnabled,upstream default=true; type=checkbox,true,data-lk-key=posHighlightPrepositionUnderlineEnabled,posHighlightPrepositionUnderlineEnabled,upstream/src/plugin/pos-highlight.js,EXPOSED_AND_WORKING
E045,src/popup/popup.html;src/plugin/pos-highlight.js,posHighlightPrepositionUnderlineStyle,upstream default=solid; values=solid|wavy|dotted|dashed,true,data-lk-key=posHighlightPrepositionUnderlineStyle,posHighlightPrepositionUnderlineStyle,upstream/src/plugin/pos-highlight.js,EXPOSED_AND_WORKING
E046,src/popup/popup.html;src/plugin/pos-highlight.js,posHighlightPrepositionUnderlineColor,upstream default=#f29354; type=text,true,data-lk-key=posHighlightPrepositionUnderlineColor,posHighlightPrepositionUnderlineColor,upstream/src/plugin/pos-highlight.js,EXPOSED_AND_WORKING
E047,src/popup/popup.html;src/plugin/pos-highlight.js,posHighlightPrepositionUnderlineThickness,upstream default=2; type=number;min=1;max=6,true,data-lk-key=posHighlightPrepositionUnderlineThickness,posHighlightPrepositionUnderlineThickness,upstream/src/plugin/pos-highlight.js,EXPOSED_AND_WORKING
E048,src/popup/popup.html;src/plugin/pos-highlight.js,posHighlightPrepositionUnderlinePosition,upstream default=bottom; values=bottom|top,true,data-lk-key=posHighlightPrepositionUnderlinePosition,posHighlightPrepositionUnderlinePosition,upstream/src/plugin/pos-highlight.js,EXPOSED_AND_WORKING
E049,src/popup/popup.html;src/plugin/tts.js,sentenceTTSAutoDetectLanguage,upstream default=true; type=checkbox,true,data-lk-key=sentenceTTSAutoDetectLanguage,sentenceTTSAutoDetectLanguage,upstream/src/plugin/tts.js;adapter/main.js playAudioMessage,EXPOSED_AND_WORKING
E050,src/popup/popup.html;src/plugin/tts.js,enableAutoWordTTS,upstream default=false; type=checkbox,true,data-lk-key=enableAutoWordTTS,enableAutoWordTTS,upstream/src/plugin/tts.js;adapter/main.js playAudioMessage,EXPOSED_AND_WORKING
E051,src/options/options.html;src/options/options.js,webdavConfig.url,upstream default=empty; type=text,true,data-lk-object=webdavConfig;data-lk-subkey=url,webdavConfig.url,ui/prefs.js WebDAV actions;adapter/state.js learning-data boundary,EXPOSED_AND_WORKING
E052,src/options/options.html;src/options/options.js,webdavConfig.username,upstream default=empty; type=text,true,data-lk-object=webdavConfig;data-lk-subkey=username,webdavConfig.username,ui/prefs.js WebDAV actions;adapter/state.js learning-data boundary,EXPOSED_AND_WORKING
E053,src/options/options.html;src/options/options.js,webdavConfig.password,upstream default=empty; type=password,true,data-lk-object=webdavConfig;data-lk-subkey=password,webdavConfig.password,ui/prefs.js WebDAV actions;adapter/state.js learning-data boundary,EXPOSED_AND_WORKING
E054,PORT_EXTENSION,webdavConfig.filename,upstream default=lingkuma-zotero-backup.json; type=text,true,data-lk-object=webdavConfig;data-lk-subkey=filename,webdavConfig.filename,ui/prefs.js WebDAV actions;adapter/state.js learning-data boundary,EXPOSED_AND_WORKING
P001,PORT_EXTENSION;adapter/lookup.js,translationConfig.timeoutSeconds,PORT_EXTENSION default=15; type=number;min=3;max=60,true,data-lk-object=translationConfig;data-lk-subkey=timeoutSeconds,translationConfig.timeoutSeconds,adapter/lookup.js keyless Microsoft Edge request timeout,EXPOSED_AND_WORKING
E055,src/options/options.html;src/options/options.js,aiConfig.enableApiPolling,upstream default=false; type=checkbox,true,data-lk-object=aiConfig;data-lk-subkey=enableApiPolling,aiConfig.enableApiPolling,adapter/state.js getEffectiveAIConfig/makeAIRequest,EXPOSED_AND_WORKING
E056,src/options/options.html;src/options/options.js,customApiProfiles.profiles[*].name,upstream default=Default; type=text,true,data-lk-profile-field=name,customApiProfiles.profiles[*].name,adapter/state.js getEffectiveAIConfig/makeAIRequest,EXPOSED_AND_WORKING
E057,src/options/options.html;src/options/options.js,customApiProfiles.profiles[*].apiBaseURL,upstream default=empty; type=text,true,data-lk-profile-field=apiBaseURL,customApiProfiles.profiles[*].apiBaseURL,adapter/state.js getEffectiveAIConfig/makeAIRequest,EXPOSED_AND_WORKING
E058,src/options/options.html;src/options/options.js,customApiProfiles.profiles[*].apiModel,upstream default=empty; type=text,true,data-lk-profile-field=apiModel,customApiProfiles.profiles[*].apiModel,adapter/state.js getEffectiveAIConfig/makeAIRequest,EXPOSED_AND_WORKING
E059,src/options/options.html;src/options/options.js,customApiProfiles.profiles[*].apiTemperature,upstream default=1; type=number;min=0;max=2;step=0.1,true,data-lk-profile-field=apiTemperature,customApiProfiles.profiles[*].apiTemperature,adapter/state.js getEffectiveAIConfig/makeAIRequest,EXPOSED_AND_WORKING
E060,src/options/options.html;src/options/options.js,customApiProfiles.profiles[*].apiKey,upstream default=empty; type=password,true,data-lk-profile-field=apiKey,customApiProfiles.profiles[*].apiKey,adapter/state.js getEffectiveAIConfig/makeAIRequest,EXPOSED_AND_WORKING
E061,src/options/options.html;src/options/options.js,customApiProfiles.profiles[*].enablePolling,upstream profile default=false; migrated Zotero default profile=true (PORT-ADAPT: global polling remains opt-in),true,data-lk-profile-field=enablePolling,customApiProfiles.profiles[*].enablePolling,adapter/state.js getEffectiveAIConfig/makeAIRequest,EXPOSED_AND_WORKING
E062,src/options/options.html;src/options/options.js,customApiProfiles.profiles[*].excludeTemperature,upstream default=false; type=checkbox,true,data-lk-profile-field=excludeTemperature,customApiProfiles.profiles[*].excludeTemperature,adapter/state.js getEffectiveAIConfig/makeAIRequest,EXPOSED_AND_WORKING
E063,src/options/options.html;src/options/options.js,customApiProfiles.profiles[*].customRequestBody,upstream default=empty; free text/select values in frozen source,true,data-lk-profile-field=customRequestBody,customApiProfiles.profiles[*].customRequestBody,adapter/state.js getEffectiveAIConfig/makeAIRequest,EXPOSED_AND_WORKING
E064,src/options/options.html;src/options/options.js,aiPrompt,upstream storage default=empty; runtime default=bundled prompt; free text,true,data-lk-key=aiPrompt,aiPrompt,upstream/src/service/a3_aiFragen.js;adapter/state.js,EXPOSED_AND_WORKING
E065,src/options/options.html;src/options/options.js,aiPrompt2,upstream storage default=empty; runtime default=bundled prompt; free text,true,data-lk-key=aiPrompt2,aiPrompt2,upstream/src/service/a3_aiFragen.js;adapter/state.js,EXPOSED_AND_WORKING
E066,src/options/options.html;src/options/options.js,aiLanguageDetectionPrompt,upstream storage default=empty; runtime default=bundled prompt; free text,true,data-lk-key=aiLanguageDetectionPrompt,aiLanguageDetectionPrompt,upstream/src/service/a3_aiFragen.js;adapter/state.js,EXPOSED_AND_WORKING
E067,src/options/options.html;src/options/options.js,aiTagAnalysisPrompt,upstream storage default=empty; runtime default=bundled prompt; free text,true,data-lk-key=aiTagAnalysisPrompt,aiTagAnalysisPrompt,upstream/src/service/a3_aiFragen.js;adapter/state.js,EXPOSED_AND_WORKING
E068,src/options/options.html;src/options/options.js,aiSentenceTranslationPrompt,upstream storage default=empty; runtime default=bundled prompt; free text,true,data-lk-key=aiSentenceTranslationPrompt,aiSentenceTranslationPrompt,upstream/src/service/a3_aiFragen.js;adapter/state.js,EXPOSED_AND_WORKING
E069,src/options/options.html;src/options/options.js,aiAnalysisPrompt,upstream storage default=empty; runtime default=bundled prompt; free text,true,data-lk-key=aiAnalysisPrompt,aiAnalysisPrompt,upstream/src/service/a3_aiFragen.js;adapter/state.js,EXPOSED_AND_WORKING
E070,src/popup/popup.html;src/plugin/tts.js,ttsConfig.wordTTSProvider,upstream default=edge; upstream values=local|edge|custom|custom2|minimaxi|gpt|supertone; Zotero default=edge and exposed values=local|edge|custom|custom2 (PORT-ADAPT: runtime-backed providers only),true,data-lk-object=ttsConfig;data-lk-subkey=wordTTSProvider,ttsConfig.wordTTSProvider,upstream/src/plugin/tts.js;adapter/main.js playAudioMessage,EXPOSED_AND_WORKING
E071,src/popup/popup.html;src/plugin/tts.js,ttsConfig.sentenceTTSProvider,upstream default=edge; upstream values=local|edge|minimaxi|gpt|supertone|custom|custom2; Zotero default=edge and exposed values=local|edge|custom|custom2 (PORT-ADAPT: runtime-backed providers only),true,data-lk-object=ttsConfig;data-lk-subkey=sentenceTTSProvider,ttsConfig.sentenceTTSProvider,upstream/src/plugin/tts.js;adapter/main.js playAudioMessage,EXPOSED_AND_WORKING
E072,src/popup/popup.html;src/plugin/tts.js,enableWordTTS,upstream default=true; type=checkbox,true,data-lk-key=enableWordTTS,enableWordTTS,upstream/src/plugin/tts.js;adapter/main.js playAudioMessage,EXPOSED_AND_WORKING
E073,src/popup/popup.html;src/plugin/tts.js,enableSentenceTTS,upstream default=true; type=checkbox,true,data-lk-key=enableSentenceTTS,enableSentenceTTS,upstream/src/plugin/tts.js;adapter/main.js playAudioMessage,EXPOSED_AND_WORKING
E074,src/popup/popup.html;src/plugin/tts.js,ttsConfig.localTTSVoice,upstream default=empty; type=text,true,data-lk-object=ttsConfig;data-lk-subkey=localTTSVoice,ttsConfig.localTTSVoice,upstream/src/plugin/tts.js;adapter/main.js playAudioMessage,EXPOSED_AND_WORKING
E075,src/popup/popup.html;src/plugin/tts.js,ttsConfig.localTTSRate,upstream default=1; type=range;min=0.1;max=2;step=0.1,true,data-lk-object=ttsConfig;data-lk-subkey=localTTSRate,ttsConfig.localTTSRate,upstream/src/plugin/tts.js;adapter/main.js playAudioMessage,EXPOSED_AND_WORKING
E076,src/popup/popup.html;src/plugin/tts.js,ttsConfig.localTTSPitch,upstream default=1; type=range;min=0.1;max=2;step=0.1,true,data-lk-object=ttsConfig;data-lk-subkey=localTTSPitch,ttsConfig.localTTSPitch,upstream/src/plugin/tts.js;adapter/main.js playAudioMessage,EXPOSED_AND_WORKING
E077,src/popup/popup.html;src/plugin/tts.js,ttsConfig.wordAudioUrlTemplate,upstream default=empty; free text/select values in frozen source,true,data-lk-object=ttsConfig;data-lk-subkey=wordAudioUrlTemplate,ttsConfig.wordAudioUrlTemplate,upstream/src/plugin/tts.js;adapter/main.js playAudioMessage,EXPOSED_AND_WORKING
E078,src/popup/popup.html;src/plugin/tts.js,ttsConfig.wordAudioUrlTemplate2,upstream default=empty; free text/select values in frozen source,true,data-lk-object=ttsConfig;data-lk-subkey=wordAudioUrlTemplate2,ttsConfig.wordAudioUrlTemplate2,upstream/src/plugin/tts.js;adapter/main.js playAudioMessage,EXPOSED_AND_WORKING
E079,src/popup/popup.html;src/options/options.html,clickOnlyTooltip,upstream default=true; type=checkbox,true,data-lk-key=clickOnlyTooltip,clickOnlyTooltip,upstream reader scripts through adapter/bridge.js storage view,EXPOSED_AND_WORKING
E080,src/popup/popup.html;src/options/options.html,autoExpandTooltip,upstream default=false; type=checkbox,true,data-lk-key=autoExpandTooltip,autoExpandTooltip,upstream reader scripts through adapter/bridge.js storage view,EXPOSED_AND_WORKING
E081,src/popup/popup.html;src/options/options.html,autoCloseTooltip,upstream default=false; type=checkbox,true,data-lk-key=autoCloseTooltip,autoCloseTooltip,upstream reader scripts through adapter/bridge.js storage view,EXPOSED_AND_WORKING
E082,src/popup/popup.html;src/options/options.html,autoRefreshTooltip,upstream default=false; type=checkbox,true,data-lk-key=autoRefreshTooltip,autoRefreshTooltip,upstream reader scripts through adapter/bridge.js storage view,EXPOSED_AND_WORKING
E083,src/popup/popup.html;src/options/options.html,preferPopupAbove,upstream default=false; type=checkbox,true,data-lk-key=preferPopupAbove,preferPopupAbove,upstream reader scripts through adapter/bridge.js storage view,EXPOSED_AND_WORKING
E084,src/popup/popup.html;src/options/options.html,selectionPopupPreferDown,upstream default=false; type=checkbox,true,data-lk-key=selectionPopupPreferDown,selectionPopupPreferDown,upstream reader scripts through adapter/bridge.js storage view,EXPOSED_AND_WORKING
E085,src/popup/popup.html;src/options/options.html,tooltipGap,upstream default=0; range=0..200,true,data-lk-key=tooltipGap,tooltipGap,upstream reader scripts through adapter/bridge.js storage view,EXPOSED_AND_WORKING
E086,src/popup/popup.html;src/options/options.html,selectionPopupGap,upstream default=10; range=0..200,true,data-lk-key=selectionPopupGap,selectionPopupGap,upstream reader scripts through adapter/bridge.js storage view,EXPOSED_AND_WORKING
E087,src/popup/popup.html;src/options/options.html,wordExplosionTriggerMode,upstream default=click; values=click|hover,true,data-lk-key=wordExplosionTriggerMode,wordExplosionTriggerMode,upstream/src/service/a7_words_boom.js,EXPOSED_AND_WORKING
E088,src/popup/popup.html;src/options/options.html,wordExplosionPositionMode,upstream default=auto; values=auto|manual,true,data-lk-key=wordExplosionPositionMode,wordExplosionPositionMode,upstream/src/service/a7_words_boom.js,EXPOSED_AND_WORKING
E089,src/popup/popup.html;src/options/options.html,wordExplosionFontSize,upstream default=14; values=10|11|12|13|14|15|16|17|18|20,true,data-lk-key=wordExplosionFontSize,wordExplosionFontSize,upstream/src/service/a7_words_boom.js,EXPOSED_AND_WORKING
E090,src/popup/popup.html;src/options/options.html,wordExplosionMaxWidth,upstream default=772; type=number;min=20;max=200000;step=10,true,data-lk-key=wordExplosionMaxWidth,wordExplosionMaxWidth,upstream/src/service/a7_words_boom.js,EXPOSED_AND_WORKING
E091,src/popup/popup.html;src/options/options.html,wordExplosionWordsLayout,upstream default=triple-column; values=single-column|double-column|triple-column,true,data-lk-key=wordExplosionWordsLayout,wordExplosionWordsLayout,upstream/src/service/a7_words_boom.js,EXPOSED_AND_WORKING
E092,src/popup/popup.html;src/options/options.html,wordExplosionTranslationCount,upstream default=all; values=1|2|3|all,true,data-lk-key=wordExplosionTranslationCount,wordExplosionTranslationCount,upstream/src/service/a7_words_boom.js,EXPOSED_AND_WORKING
E093,src/popup/popup.html;src/options/options.html,explosionSentenceTranslationCount,upstream default=1; values=1|2,true,data-lk-key=explosionSentenceTranslationCount,explosionSentenceTranslationCount,upstream/src/service/a7_words_boom.js,EXPOSED_AND_WORKING
E094,src/popup/popup.html;src/options/options.html,wordExplosionPreferUp,upstream default=true; type=checkbox,true,data-lk-key=wordExplosionPreferUp,wordExplosionPreferUp,upstream/src/service/a7_words_boom.js,EXPOSED_AND_WORKING
E095,src/popup/popup.html;src/options/options.html,wordExplosionHighlightSentence,upstream default=true; type=checkbox,true,data-lk-key=wordExplosionHighlightSentence,wordExplosionHighlightSentence,upstream/src/service/a7_words_boom.js,EXPOSED_AND_WORKING
E096,src/popup/popup.html;src/options/options.html,wordExplosionHighlightColor,upstream default=#955FBD40; type=text,true,data-lk-key=wordExplosionHighlightColor,wordExplosionHighlightColor,upstream/src/service/a7_words_boom.js,EXPOSED_AND_WORKING
E097,src/popup/popup.html;src/options/options.html,wordExplosionHighlightOpacity,upstream default=25; type=range;min=0;max=100;step=1,true,data-lk-key=wordExplosionHighlightOpacity,wordExplosionHighlightOpacity,upstream/src/service/a7_words_boom.js,EXPOSED_AND_WORKING
E098,src/popup/popup.html;src/options/options.html,autoAddAITranslations,upstream default=false; Zotero default=true (preserved desktop product choice),true,data-lk-key=autoAddAITranslations,autoAddAITranslations,upstream/src/service/a3_aiFragen.js;adapter/state.js,EXPOSED_AND_WORKING
E099,src/popup/popup.html;src/options/options.html,autoAddExampleSentences,upstream default=false; type=checkbox,true,data-lk-key=autoAddExampleSentences,autoAddExampleSentences,upstream reader scripts through adapter/bridge.js storage view,EXPOSED_AND_WORKING
E100,src/popup/popup.html;src/options/options.html,autoAddSentencesLimit,upstream default=1; type=number;min=1;max=999,true,data-lk-key=autoAddSentencesLimit,autoAddSentencesLimit,upstream reader scripts through adapter/bridge.js storage view,EXPOSED_AND_WORKING
E101,src/popup/popup.html;src/options/options.html,defaultExpandTooltip,upstream default=false; type=checkbox,true,data-lk-key=defaultExpandTooltip,defaultExpandTooltip,upstream reader scripts through adapter/bridge.js storage view,EXPOSED_AND_WORKING
E102,src/popup/popup.html;src/options/options.html,defaultExpandSententsTooltip,upstream default=true; type=checkbox,true,data-lk-key=defaultExpandSententsTooltip,defaultExpandSententsTooltip,upstream reader scripts through adapter/bridge.js storage view,EXPOSED_AND_WORKING
E103,src/popup/popup.html;src/options/options.html,wordExplosionLayout,upstream default=vertical; values=vertical|horizontal,true,data-lk-key=wordExplosionLayout,wordExplosionLayout,upstream/src/service/a7_words_boom.js,EXPOSED_AND_WORKING
E104,src/popup/popup.html;src/options/options.html,wordExplosionUnderlineEnabled,upstream default=false; type=checkbox,true,data-lk-key=wordExplosionUnderlineEnabled,wordExplosionUnderlineEnabled,upstream/src/service/a7_words_boom.js,EXPOSED_AND_WORKING
E105,src/popup/popup.html;src/options/options.html,wordExplosionUnderlineStyle,upstream default=solid; values=solid|wavy|dotted,true,data-lk-key=wordExplosionUnderlineStyle,wordExplosionUnderlineStyle,upstream/src/service/a7_words_boom.js,EXPOSED_AND_WORKING
E106,src/popup/popup.html;src/options/options.html,wordExplosionUnderlinePosition,upstream default=bottom; values=bottom|top|both,true,data-lk-key=wordExplosionUnderlinePosition,wordExplosionUnderlinePosition,upstream/src/service/a7_words_boom.js,EXPOSED_AND_WORKING
E107,src/popup/popup.html;src/options/options.html,wordExplosionUnderlineColor,upstream default=#955FBD80; type=text,true,data-lk-key=wordExplosionUnderlineColor,wordExplosionUnderlineColor,upstream/src/service/a7_words_boom.js,EXPOSED_AND_WORKING
E108,src/popup/popup.html;src/options/options.html,wordExplosionUnderlineOpacity,upstream default=50; type=range;min=0;max=100;step=1,true,data-lk-key=wordExplosionUnderlineOpacity,wordExplosionUnderlineOpacity,upstream/src/service/a7_words_boom.js,EXPOSED_AND_WORKING
E109,src/popup/popup.html;src/options/options.html,wordExplosionUnderlineThickness,upstream default=3; type=number;min=1;max=10,true,data-lk-key=wordExplosionUnderlineThickness,wordExplosionUnderlineThickness,upstream/src/service/a7_words_boom.js,EXPOSED_AND_WORKING
E110,src/popup/popup.html;src/options/options.html,explosionPriorityMode,upstream default=false; type=checkbox,true,data-lk-key=explosionPriorityMode,explosionPriorityMode,upstream/src/service/a7_words_boom.js,EXPOSED_AND_WORKING
E111,src/popup/popup.html;src/plugin/tts.js,explosionHighlightWithTTS,upstream default=false; type=checkbox,true,data-lk-key=explosionHighlightWithTTS,explosionHighlightWithTTS,upstream/src/plugin/tts.js;adapter/main.js playAudioMessage,EXPOSED_AND_WORKING
E112,src/popup/popup.html;src/plugin/tts.js,explosionHighlightNoTTS,upstream default=false; type=checkbox,true,data-lk-key=explosionHighlightNoTTS,explosionHighlightNoTTS,upstream/src/plugin/tts.js;adapter/main.js playAudioMessage,EXPOSED_AND_WORKING
E113,src/popup/popup.html;src/plugin/tts.js,explosionTTSOnly,upstream default=false; type=checkbox,true,data-lk-key=explosionTTSOnly,explosionTTSOnly,upstream/src/plugin/tts.js;adapter/main.js playAudioMessage,EXPOSED_AND_WORKING
E114,src/popup/popup.html;src/options/options.html,explosionHighlightSpeed,upstream default=100; type=number;min=10;max=500;step=10,true,data-lk-key=explosionHighlightSpeed,explosionHighlightSpeed,upstream/src/service/a7_words_boom.js,EXPOSED_AND_WORKING
E115,src/popup/popup.html;src/options/options.html,showKnownSentenceAnimation,upstream default=true; type=checkbox,true,data-lk-key=showKnownSentenceAnimation,showKnownSentenceAnimation,upstream/src/service/a7_words_boom.js,EXPOSED_AND_WORKING
E116,src/popup/popup.html;src/options/options.html,wordQueryKey,upstream default=q; type=text;maxlength=16,true,data-lk-key=wordQueryKey,wordQueryKey,upstream/src/service/a4_tooltip_new.js keyboard handlers,EXPOSED_AND_WORKING
E117,src/popup/popup.html;src/options/options.html,copySentenceKey,upstream default=w; type=text;maxlength=16,true,data-lk-key=copySentenceKey,copySentenceKey,upstream/src/service/a4_tooltip_new.js keyboard handlers,EXPOSED_AND_WORKING
E118,src/popup/popup.html;src/options/options.html,analysisWindowKey,upstream default=e; type=text;maxlength=16,true,data-lk-key=analysisWindowKey,analysisWindowKey,upstream/src/service/a4_tooltip_new.js keyboard handlers,EXPOSED_AND_WORKING
E119,src/popup/popup.html;src/options/options.html,sentenceExplosionKey,upstream default=t; type=text;maxlength=16,true,data-lk-key=sentenceExplosionKey,sentenceExplosionKey,upstream/src/service/a4_tooltip_new.js keyboard handlers,EXPOSED_AND_WORKING
E120,src/popup/popup.html;src/options/options.html,wordStatusKeys.0,upstream default=`; type=text;maxlength=16,true,data-lk-object=wordStatusKeys;data-lk-subkey=0,wordStatusKeys.0,upstream/src/service/a4_tooltip_new.js keyboard handlers,EXPOSED_AND_WORKING
E121,src/popup/popup.html;src/options/options.html,wordStatusKeys.1,upstream default=1; type=text;maxlength=16,true,data-lk-object=wordStatusKeys;data-lk-subkey=1,wordStatusKeys.1,upstream/src/service/a4_tooltip_new.js keyboard handlers,EXPOSED_AND_WORKING
E122,src/popup/popup.html;src/options/options.html,wordStatusKeys.2,upstream default=2; type=text;maxlength=16,true,data-lk-object=wordStatusKeys;data-lk-subkey=2,wordStatusKeys.2,upstream/src/service/a4_tooltip_new.js keyboard handlers,EXPOSED_AND_WORKING
E123,src/popup/popup.html;src/options/options.html,wordStatusKeys.3,upstream default=3; type=text;maxlength=16,true,data-lk-object=wordStatusKeys;data-lk-subkey=3,wordStatusKeys.3,upstream/src/service/a4_tooltip_new.js keyboard handlers,EXPOSED_AND_WORKING
E124,src/popup/popup.html;src/options/options.html,wordStatusKeys.4,upstream default=4; type=text;maxlength=16,true,data-lk-object=wordStatusKeys;data-lk-subkey=4,wordStatusKeys.4,upstream/src/service/a4_tooltip_new.js keyboard handlers,EXPOSED_AND_WORKING
E125,src/popup/popup.html;src/options/options.html,wordStatusKeys.5,upstream default=5; type=text;maxlength=16,true,data-lk-object=wordStatusKeys;data-lk-subkey=5,wordStatusKeys.5,upstream/src/service/a4_tooltip_new.js keyboard handlers,EXPOSED_AND_WORKING
E126,src/popup/popup.html;src/options/options.html,wordStatusKeys.toggle,upstream default= ; type=text;maxlength=16,true,data-lk-object=wordStatusKeys;data-lk-subkey=toggle,wordStatusKeys.toggle,upstream/src/service/a4_tooltip_new.js keyboard handlers,EXPOSED_AND_WORKING
E127,src/popup/popup.html;src/options/options.html,wordStatusKeys.addAITranslation,upstream default=tab; type=text;maxlength=16,true,data-lk-object=wordStatusKeys;data-lk-subkey=addAITranslation,wordStatusKeys.addAITranslation,upstream/src/service/a4_tooltip_new.js keyboard handlers,EXPOSED_AND_WORKING
E128,src/popup/popup.html;src/options/options.html,wordStatusKeys.closeTooltip,upstream default=capslock; type=text;maxlength=16,true,data-lk-object=wordStatusKeys;data-lk-subkey=closeTooltip,wordStatusKeys.closeTooltip,upstream/src/service/a4_tooltip_new.js keyboard handlers,EXPOSED_AND_WORKING
E129,src/popup/popup.html;src/options/options.html,tooltipThemeMode,upstream default=auto; values=auto|light|dark,true,data-lk-key=tooltipThemeMode,tooltipThemeMode,upstream/src/service/a4_tooltip_new.js theme renderer,EXPOSED_AND_WORKING
E130,src/popup/popup.html;src/options/options.html,tooltipBackground.enabled,upstream default=true; type=checkbox,true,data-lk-special=tooltipBackgroundEnabled,tooltipBackground.enabled,upstream/src/service/a4_tooltip_new.js theme renderer,EXPOSED_AND_WORKING
E131,src/popup/popup.html;src/options/options.html,liquidGlassEnabled,upstream default=false; type=checkbox,true,data-lk-key=liquidGlassEnabled,liquidGlassEnabled,upstream/src/service/a4_tooltip_new.js theme renderer,EXPOSED_AND_WORKING
E132,src/popup/popup.html;src/options/options.html,analysisGlassEnabled,upstream default=true; Zotero default=false (PORT-ADAPT: Gecko compatibility),true,data-lk-key=analysisGlassEnabled,analysisGlassEnabled,upstream/src/service/a4_tooltip_new.js theme renderer,EXPOSED_AND_WORKING
E133,src/popup/popup.html;src/options/options.html,devicePixelRatio,upstream default=window.devicePixelRatio or 1; range=0.5..4; step=0.1,true,data-lk-key=devicePixelRatio,devicePixelRatio,upstream/src/service/a4_tooltip_new.js theme renderer,EXPOSED_AND_WORKING
E134,src/popup/popup.html;src/options/options.html,glassEffectType,upstream default=rough; upstream values=liquid|rough|fluted|tiled|pixel|mosaic|fractal|rgb-split|ellipses|bulge|flip; Zotero values=none|rough|liquid-compatible,true,data-lk-key=glassEffectType,glassEffectType,upstream reader scripts through adapter/bridge.js storage view,EXPOSED_AND_WORKING
E135,src/popup/popup.html;src/options/options.html,tooltipBackground.defaultType,upstream default=svg; upstream values=image|svg|video|specific; Zotero exposed value=svg only (PORT-ADAPT: complete packaged resource closure),true,data-lk-special=tooltipBackgroundDefaultType,tooltipBackground.defaultType,upstream/src/service/a4_tooltip_new.js theme renderer,EXPOSED_AND_WORKING
E136,src/popup/popup.html;src/options/options.html,customCapsules,upstream default=Google and Google Image capsule buttons; Zotero default=empty list (PORT-ADAPT: no browser-sidebar default actions),true,data-lk-key=customCapsules,customCapsules,upstream reader scripts through adapter/bridge.js storage view,EXPOSED_AND_WORKING
E137,OLD_ZOTERO_REFERENCE;adapter/sentence_patch.js,epubSoftHyphenCleanup,old Zotero reader default=true; boolean,true,data-lk-key=epubSoftHyphenCleanup,epubSoftHyphenCleanup,adapter/sentence_patch.js HTML/converted-EPUB extraction,EXPOSED_AND_WORKING
E138,OLD_ZOTERO_REFERENCE;adapter/sentence_patch.js,epubHyphenRepair,old Zotero reader default=true; boolean,true,data-lk-key=epubHyphenRepair,epubHyphenRepair,adapter/sentence_patch.js HTML/converted-EPUB extraction,EXPOSED_AND_WORKING
E139,src/options/options.html;src/options/options.js,customApiProfiles.activeProfileId,one of configured profile IDs,true,id=lk-ai-profile-select,customApiProfiles.activeProfileId,adapter/state.js getEffectiveAIConfig/makeAIRequest,EXPOSED_AND_WORKING
E140,src/popup/popup.html;src/options/options.html,import.language,en|de|fr|es|it|ja|ko|ru|custom ISO 639-1,true,id=lk-import-language,import.language,upstream reader scripts through adapter/bridge.js storage view,EXPOSED_AND_WORKING
E141,src/popup/popup.html;src/options/options.html,import.status,0..5,true,id=lk-import-status,import.status,upstream reader scripts through adapter/bridge.js storage view,EXPOSED_AND_WORKING
E142,src/popup/popup.html;src/options/options.html,import.mode,merge|replace,true,id=lk-import-mode,import.mode,upstream reader scripts through adapter/bridge.js storage view,EXPOSED_AND_WORKING
A001,src/options/options.html;src/options/options.js,Vocabulary browse/filter/edit/delete,operation,true,data-lk-page=word-list,action.vocabularyManager,ui/prefs.js renderWordList/updateWord/deleteWord,EXPOSED_AND_WORKING
A002,src/options/options.html;src/options/options.js,Learning statistics,operation,true,data-lk-page=statistics,action.learningStatistics,ui/prefs.js renderStatistics,EXPOSED_AND_WORKING
A003,src/options/options.html;src/options/options.js,Import vocabulary,operation,true,data-lk-action=import-words,action.importWords,ui/prefs.js importWords;adapter/state.js importLingKuma,EXPOSED_AND_WORKING
A004,src/options/options.html;src/options/options.js,Export learning-data backup,operation,true,data-lk-action=copy-learning-backup,action.copyLearningBackup,ui/prefs.js copyBackup;adapter/state.js exportData,EXPOSED_AND_WORKING
A005,src/options/options.html;src/options/options.js,Restore learning data by merge,operation,true,data-lk-action=restore-merge,action.restoreMerge,ui/prefs.js restoreBackup(true),EXPOSED_AND_WORKING
A006,src/options/options.html;src/options/options.js,Restore learning data by replace,operation,true,data-lk-action=restore-replace,action.restoreReplace,ui/prefs.js restoreBackup(false),EXPOSED_AND_WORKING
A007,src/options/options.html;src/options/options.js,Clear vocabulary database,operation,true,data-lk-action=clear-words,action.clearWords,ui/prefs.js clearWords,EXPOSED_AND_WORKING
A008,src/options/options.html;src/options/options.js,Trim stored example sentences,operation,true,data-lk-action=trim-sentences,action.trimSentences,ui/prefs.js trimSentences,EXPOSED_AND_WORKING
A009,src/options/options.html;src/options/options.js,Test WebDAV connection,operation,true,data-lk-action=webdav-test,action.webdavTest,ui/prefs.js webdavTest,EXPOSED_AND_WORKING
A010,src/options/options.html;src/options/options.js,Upload learning data to WebDAV,operation,true,data-lk-action=webdav-upload,action.webdavUpload,ui/prefs.js webdavUpload,EXPOSED_AND_WORKING
A011,src/options/options.html;src/options/options.js,Download and merge WebDAV learning data,operation,true,data-lk-action=webdav-download-merge,action.webdavDownloadMerge,ui/prefs.js webdavDownload(true),EXPOSED_AND_WORKING
A012,src/options/options.html;src/options/options.js,Download and replace WebDAV learning data,operation,true,data-lk-action=webdav-download-replace,action.webdavDownloadReplace,ui/prefs.js webdavDownload(false),EXPOSED_AND_WORKING
A013,src/options/options.html;src/options/options.js,Add API profile,operation,true,data-lk-action=ai-profile-add,action.aiProfileAdd,ui/prefs.js addAIProfile(false),EXPOSED_AND_WORKING
A014,src/options/options.html;src/options/options.js,Copy API profile,operation,true,data-lk-action=ai-profile-copy,action.aiProfileCopy,ui/prefs.js addAIProfile(true),EXPOSED_AND_WORKING
A015,src/options/options.html;src/options/options.js,Delete API profile,operation,true,data-lk-action=ai-profile-delete,action.aiProfileDelete,ui/prefs.js deleteAIProfile,EXPOSED_AND_WORKING
A016,src/options/options.html;src/plugin/tts.js,Test local TTS,operation,true,data-lk-action=test-local-tts,action.testLocalTTS,ui/prefs.js testLocalTTS,EXPOSED_AND_WORKING
A017,PORT_EXTENSION,Select default dictionary,operation,true,data-lk-action=dictionary-default,action.dictionaryDefault,ui/prefs.js selectDictionaryMode;adapter/lookup.js,EXPOSED_AND_WORKING
A018,PORT_EXTENSION,Select custom local dictionary,operation,true,data-lk-action=dictionary-custom,action.dictionaryCustom,ui/prefs.js selectDictionaryMode;adapter/lookup.js,EXPOSED_AND_WORKING
A019,PORT_EXTENSION,Import validated lkdict,operation,true,data-lk-action=dictionary-import,action.dictionaryImport,ui/prefs.js importDictionary;adapter/lookup.js,EXPOSED_AND_WORKING
A020,PORT_EXTENSION,Refresh dictionary status,operation,true,data-lk-action=dictionary-refresh,action.dictionaryRefresh,ui/prefs.js refreshDictionaryStatus,EXPOSED_AND_WORKING
B001,src/popup/popup.js,Website blacklist,empty,false,none,pluginBlacklistWebsites,a1/a5/a7 URL matcher,BROWSER_ONLY_NA
B002,src/popup/popup.js,Per-tab/page overrides,object,false,none,wordHighlightPageTabOverrides,browser tab IDs,BROWSER_ONLY_NA
B003,src/plugin/bionic.js,Bionic website blacklist,empty,false,none,bionicBlacklistWebsites,bionic URL matcher,BROWSER_ONLY_NA
B004,src/plugin/bionic.js,Bionic forced-day websites,URL patterns,false,none,bionicDefaultDayWebsites,bionic theme URL matcher,BROWSER_ONLY_NA
B005,src/plugin/bionic.js,Bionic forced-night websites,URL patterns,false,none,bionicDefaultNightWebsites,bionic theme URL matcher,BROWSER_ONLY_NA
B006,src/plugin/readingRuler.js,Reading Ruler website blacklist,empty,false,none,readingRulerBlacklistWebsites,ruler URL matcher,BROWSER_ONLY_NA
B007,src/options/options.html,Browser Side Panel master,false,false,none,sidePanelBtn,browser side-panel surface,BROWSER_ONLY_NA
B008,src/popup/popup.js,Browser Side Panel shortcut,r,false,none,sidePanelKey,browser side-panel surface,BROWSER_ONLY_NA
B009,src/options/options.html,Sidebar AI prompt,text,false,none,aiConfig.sidebarAIPrompt,a3 side-panel analysis,BROWSER_ONLY_NA
B010,src/popup/popup.js,YouTube caption fixer,false,false,none,youtubeCaptionFix,YouTube content module,BROWSER_ONLY_NA
B011,src/popup/popup.js,YouTube comma sentencing,false,false,none,youtubeCommaSentencing,YouTube content module,BROWSER_ONLY_NA
B012,src/popup/popup.js,YouTube Bionic Reading,true,false,none,youtubeBionicReading,YouTube content module,BROWSER_ONLY_NA
B013,src/popup/popup.js,YouTube subtitle font size,24,false,none,youtubeFontSize,YouTube content module,BROWSER_ONLY_NA
B014,src/popup/popup.js,YouTube subtitle font family,Fanwood,false,none,youtubeFontFamily,YouTube content module,BROWSER_ONLY_NA
B015,src/options/options.html,YouTube caption AI prompt,text,false,none,aiConfig.aiYoutubeCaptionPrompt,YouTube processing path,BROWSER_ONLY_NA
B016,src/popup/popup.js,LingQ website blocker,false,false,none,lingqBlocker,LingQ site utility,BROWSER_ONLY_NA
B017,src/plugin/tts.js,Orion/iOS TTS path,false,false,none,useOrionTTS,Orion mobile Safari compatibility,BROWSER_ONLY_NA
B018,src/options/options.html;background.js,Hosted cloud account lifecycle,credentials and tokens,false,none,cloudConfig.auth,hosted account API,BROWSER_ONLY_NA
B019,src/options/options.html;background.js,Hosted Cloud DB master,false,false,none,cloudConfig.cloudDbEnabled,hosted cloud DB lifecycle,BROWSER_ONLY_NA
B020,src/options/options.html;background.js,Hosted cloud dual-write,true,false,none,cloudConfig.cloudDualWrite,browser cloud dual-write,BROWSER_ONLY_NA
B021,src/options/options.html,Commercial AI channel,channel enum,false,none,aiConfig.aiChannel,account/subscription services,BROWSER_ONLY_NA
B022,src/popup/popup.html;src/service/a2_hightlight.js,Highlight forced-day websites,URL patterns,false,none,highlightDefaultDayWebsites,browser website-theme matcher,BROWSER_ONLY_NA
B023,src/popup/popup.html;src/service/a2_hightlight.js,Highlight forced-night websites,URL patterns,false,none,highlightDefaultNightWebsites,browser website-theme matcher,BROWSER_ONLY_NA
H001,src/plugin/clipSubtitles.js,Clipboard Subtitles,false,false,none,clipSubtitles,browser clipboard/offscreen overlay,HOST_INAPPLICABLE_NA
H002,src/options/epubSplitter,EPUB Splitter,file operation,false,none,operation.epubSplitter,browser conversion tool,HOST_INAPPLICABLE_NA
H003,src/options/epubToTelegraph,EPUB to Telegra.ph,file/network operation,false,none,operation.epubToTelegraph,browser publisher,HOST_INAPPLICABLE_NA
H004,src/options/romanClean,EPUB RomanClean,file operation,false,none,operation.romanClean,browser conversion tool,HOST_INAPPLICABLE_NA
I-EDGE-ttsConfig.edgeTTSAutoVoice,src/options/options.html;src/plugin/tts.js,ttsConfig.edgeTTSAutoVoice,boolean,true,none,ttsConfig.edgeTTSAutoVoice,browser Edge TTS provider branch,INTENTIONALLY_DISABLED
I-EDGE-ttsConfig.edgeTTSVoice,src/options/options.html;src/plugin/tts.js,ttsConfig.edgeTTSVoice,voice ID,true,none,ttsConfig.edgeTTSVoice,browser Edge TTS provider branch,INTENTIONALLY_DISABLED
I-EDGE-ttsConfig.edgeTTSRate,src/options/options.html;src/plugin/tts.js,ttsConfig.edgeTTSRate,number,true,none,ttsConfig.edgeTTSRate,browser Edge TTS provider branch,INTENTIONALLY_DISABLED
I-EDGE-ttsConfig.edgeTTSVolume,src/options/options.html;src/plugin/tts.js,ttsConfig.edgeTTSVolume,number,true,none,ttsConfig.edgeTTSVolume,browser Edge TTS provider branch,INTENTIONALLY_DISABLED
I-EDGE-ttsConfig.edgeTTSPitch,src/options/options.html;src/plugin/tts.js,ttsConfig.edgeTTSPitch,number,true,none,ttsConfig.edgeTTSPitch,browser Edge TTS provider branch,INTENTIONALLY_DISABLED
I-GPT-gptTTSBaseURL,src/options/options.html;src/plugin/tts.js,gptTTSBaseURL,URL,true,none,gptTTSBaseURL,browser GPT TTS HTTP/audio branch,INTENTIONALLY_DISABLED
I-GPT-gptTTSApiKey,src/options/options.html;src/plugin/tts.js,gptTTSApiKey,secret,true,none,gptTTSApiKey,browser GPT TTS HTTP/audio branch,INTENTIONALLY_DISABLED
I-GPT-gptTTSModel,src/options/options.html;src/plugin/tts.js,gptTTSModel,model,true,none,gptTTSModel,browser GPT TTS HTTP/audio branch,INTENTIONALLY_DISABLED
I-GPT-gptTTSVoice,src/options/options.html;src/plugin/tts.js,gptTTSVoice,voice,true,none,gptTTSVoice,browser GPT TTS HTTP/audio branch,INTENTIONALLY_DISABLED
I-GPT-gptTTSResponseFormat,src/options/options.html;src/plugin/tts.js,gptTTSResponseFormat,format,true,none,gptTTSResponseFormat,browser GPT TTS HTTP/audio branch,INTENTIONALLY_DISABLED
I-GPT-gptTTSSpeed,src/options/options.html;src/plugin/tts.js,gptTTSSpeed,number,true,none,gptTTSSpeed,browser GPT TTS HTTP/audio branch,INTENTIONALLY_DISABLED
I-GPT-gptTTSInstructions,src/options/options.html;src/plugin/tts.js,gptTTSInstructions,text,true,none,gptTTSInstructions,browser GPT TTS HTTP/audio branch,INTENTIONALLY_DISABLED
I-MINIMAX-aiConfig.minimaxiBaseURL,src/options/options.html;src/plugin/tts.js,aiConfig.minimaxiBaseURL,URL,true,none,aiConfig.minimaxiBaseURL,browser MiniMaxi HTTP/audio branch,INTENTIONALLY_DISABLED
I-MINIMAX-aiConfig.minimaxiGroupId,src/options/options.html;src/plugin/tts.js,aiConfig.minimaxiGroupId,ID,true,none,aiConfig.minimaxiGroupId,browser MiniMaxi HTTP/audio branch,INTENTIONALLY_DISABLED
I-MINIMAX-aiConfig.minimaxiApiKey,src/options/options.html;src/plugin/tts.js,aiConfig.minimaxiApiKey,secret,true,none,aiConfig.minimaxiApiKey,browser MiniMaxi HTTP/audio branch,INTENTIONALLY_DISABLED
I-MINIMAX-aiConfig.minimaxiVoiceId,src/options/options.html;src/plugin/tts.js,aiConfig.minimaxiVoiceId,voice,true,none,aiConfig.minimaxiVoiceId,browser MiniMaxi HTTP/audio branch,INTENTIONALLY_DISABLED
I-MINIMAX-aiConfig.minimaxiModel,src/options/options.html;src/plugin/tts.js,aiConfig.minimaxiModel,model,true,none,aiConfig.minimaxiModel,browser MiniMaxi HTTP/audio branch,INTENTIONALLY_DISABLED
I-MINIMAX-aiConfig.minimaxiSpeed,src/options/options.html;src/plugin/tts.js,aiConfig.minimaxiSpeed,number,true,none,aiConfig.minimaxiSpeed,browser MiniMaxi HTTP/audio branch,INTENTIONALLY_DISABLED
I-SUPERTONE-aiConfig.supertoneBaseURL,src/options/options.html;src/plugin/tts.js,aiConfig.supertoneBaseURL,URL,true,none,aiConfig.supertoneBaseURL,browser Supertone HTTP/audio branch,INTENTIONALLY_DISABLED
I-SUPERTONE-aiConfig.supertoneAPIKey,src/options/options.html;src/plugin/tts.js,aiConfig.supertoneAPIKey,secret,true,none,aiConfig.supertoneAPIKey,browser Supertone HTTP/audio branch,INTENTIONALLY_DISABLED
I-SUPERTONE-aiConfig.supertoneVoiceId,src/options/options.html;src/plugin/tts.js,aiConfig.supertoneVoiceId,voice,true,none,aiConfig.supertoneVoiceId,browser Supertone HTTP/audio branch,INTENTIONALLY_DISABLED
I-SUPERTONE-aiConfig.supertoneModel,src/options/options.html;src/plugin/tts.js,aiConfig.supertoneModel,model,true,none,aiConfig.supertoneModel,browser Supertone HTTP/audio branch,INTENTIONALLY_DISABLED
I-SUPERTONE-aiConfig.supertoneLanguage,src/options/options.html;src/plugin/tts.js,aiConfig.supertoneLanguage,language,true,none,aiConfig.supertoneLanguage,browser Supertone HTTP/audio branch,INTENTIONALLY_DISABLED
I-SUPERTONE-aiConfig.supertoneStyle,src/options/options.html;src/plugin/tts.js,aiConfig.supertoneStyle,style,true,none,aiConfig.supertoneStyle,browser Supertone HTTP/audio branch,INTENTIONALLY_DISABLED
I-SUPERTONE-aiConfig.supertoneOutputFormat,src/options/options.html;src/plugin/tts.js,aiConfig.supertoneOutputFormat,format,true,none,aiConfig.supertoneOutputFormat,browser Supertone HTTP/audio branch,INTENTIONALLY_DISABLED
I-SUPERTONE-aiConfig.supertoneSpeed,src/options/options.html;src/plugin/tts.js,aiConfig.supertoneSpeed,number,true,none,aiConfig.supertoneSpeed,browser Supertone HTTP/audio branch,INTENTIONALLY_DISABLED
I-SUPERTONE-aiConfig.supertoneMode,src/options/options.html;src/plugin/tts.js,aiConfig.supertoneMode,mode,true,none,aiConfig.supertoneMode,browser Supertone HTTP/audio branch,INTENTIONALLY_DISABLED
I-CLOUD-selfHosted,src/options/options.html;background.js,cloudConfig.selfHosted,false,true,none,cloudConfig.selfHosted,full authenticated cloud lifecycle,INTENTIONALLY_DISABLED
I-CLOUD-serverURL,src/options/options.html;background.js,cloudConfig.serverURL,URL,true,none,cloudConfig.serverURL,full authenticated cloud lifecycle,INTENTIONALLY_DISABLED
I-ASSET-background,src/options/options.html,Custom tooltip background media,file/IndexedDB/object URL,true,none,tooltipBackground.useCustom,browser asset persistence,INTENTIONALLY_DISABLED
I-ASSET-specific-background,src/options/options.html;src/service/a4_tooltip_new.js,Specific bundled tooltip background,packaged resource path,true,none,tooltipBackground.specificBgPath,browser asset picker and incomplete packaged image/video resource sets,INTENTIONALLY_DISABLED
I-ASSET-animation,src/options/options.html;src/service/a7_words_boom.js,Custom animation file/config,50..500 pixels and sources,true,none,knownSentenceAnimation,browser asset persistence,INTENTIONALLY_DISABLED
I-TTS-notebook,src/options/options.html,audioUrlNotebook,empty text,true,none,ttsConfig.audioUrlNotebook,no current upstream runtime consumer,INTENTIONALLY_DISABLED
O001,src/plugin/bionic.js,thanoxReadingEnabled,false,true,none,thanoxReadingEnabled,Thanox progressive-reading subsystem,OPTIONAL_SHALLOW_DEFERRED
O002,src/plugin/bionic.js,thanoxProcessingOpacity,0..100 default 50,true,none,thanoxProcessingOpacity,Thanox progressive-reading subsystem,OPTIONAL_SHALLOW_DEFERRED
O003,src/plugin/bionic.js,thanoxCompletedOpacity,0..100 default 10,true,none,thanoxCompletedOpacity,Thanox progressive-reading subsystem,OPTIONAL_SHALLOW_DEFERRED
O004,src/plugin/bionic.js,thanoxWordSpeed,milliseconds default 1000,true,none,thanoxWordSpeed,Thanox progressive-reading subsystem,OPTIONAL_SHALLOW_DEFERRED
O005,src/plugin/bionic.js,thanoxFragmentEffect,true,true,none,thanoxFragmentEffect,Thanox progressive-reading subsystem,OPTIONAL_SHALLOW_DEFERRED
O006,src/plugin/bionic.js,thanoxFragmentCount,integer default 8,true,none,thanoxFragmentCount,Thanox progressive-reading subsystem,OPTIONAL_SHALLOW_DEFERRED
O007,src/plugin/bionic.js,thanoxFragmentDuration,milliseconds default 2000,true,none,thanoxFragmentDuration,Thanox progressive-reading subsystem,OPTIONAL_SHALLOW_DEFERRED
O008,src/plugin/waifu/waifu.js,enableWaifu,false,true,none,enableWaifu,remote iframe/CSP subsystem,OPTIONAL_SHALLOW_DEFERRED
O009,src/plugin/waifu/waifu.js,waifuUrl,URL,true,none,waifuUrl,remote iframe/CSP subsystem,OPTIONAL_SHALLOW_DEFERRED
O010,src/plugin/waifu/waifu.js,waifuPosition,enum,true,none,waifuPosition,remote iframe/CSP subsystem,OPTIONAL_SHALLOW_DEFERRED
O011,src/plugin/waifu/waifu.js,waifuRelativePosition,enum,true,none,waifuRelativePosition,remote iframe/CSP subsystem,OPTIONAL_SHALLOW_DEFERRED
O012,src/plugin/waifu/waifu.js,waifuSize,number/object,true,none,waifuSize,remote iframe/CSP subsystem,OPTIONAL_SHALLOW_DEFERRED
O013,src/plugin/waifu/waifu.js,waifuMinimized,boolean,true,none,waifuMinimized,remote iframe/CSP subsystem,OPTIONAL_SHALLOW_DEFERRED
